url,current_title,new_title,new_meta_description,focus_keyword
/,Log Cabins and Wooden Houses Manufacturer & Supplier - Ideaswood,Log Cabin & Wooden House Manufacturer in Europe | IdeasWood,"Log cabins, garden rooms, saunas and wooden house kits made from slow-grown Nordic spruce. Built in Lithuania, delivered across the UK, Ireland and Europe. Get a quote.",log cabin manufacturer
/about-us/,About us - ideaswood.eu,About IdeasWood – Log Cabin Makers from Lithuania,"Who we are, how we build and where our Nordic spruce comes from. Meet the team behind IdeasWood log cabins, garden rooms and wooden houses.",ideaswood
/contact-us/,Contact Us - ideaswood.eu,Contact IdeasWood – Quotes & Delivery to UK and EU,"Ask for a log cabin or wooden house quote, delivery price or trade terms. Call +370 610 05085 or email info@ideaswood.eu – we reply within 24 hours.",log cabin quote
/product-category/log-cabins/,Buy Premium Log cabins in UK - ideaswood.eu,Log Cabins for Sale – 28mm to 70mm Kits | IdeasWood,"100+ log cabin kits in Nordic spruce, 28mm to 70mm walls. Garden rooms, offices and residential cabins with delivery to the UK, Ireland and Europe.",log cabins for sale
/product-category/log-cabins/garden-house/,Buy Wooden Garden house in UK - ideaswood.eu,Wooden Garden Houses & Garden Rooms | IdeasWood,"Wooden garden houses and garden rooms in Nordic spruce – home office, studio or guest room. Kit or installed, delivered to the UK and Europe.",wooden garden house
/product-category/log-cabins/wooden-houses/summer-house/,Buy Wooden Summer house in UK - IdeasWood.eu's,Wooden Summer Houses – Kits in Nordic Spruce | IdeasWood,"Timber summer houses with double glazing, 28–70mm walls and easy self-assembly. Compare sizes and prices, delivered to the UK, Ireland and the EU.",summer house kits
/product-category/log-cabins/storage-sheds/,Buy Wooden Storage sheds in UK - IdeasWood.eu's,Wooden Garden Sheds & Storage Sheds | IdeasWood,"Solid timber garden sheds and storage sheds in Nordic spruce. Thick walls, strong floors and roofs, flat-pack delivery to the UK and Europe.",wooden garden sheds
/product-category/log-cabins/garages-carports/,Buy Wooden Garages / Carports in UK - ideaswood.eu,Wooden Garages & Carports – Timber Kits | IdeasWood,"Timber garages and carports built from Nordic spruce log profiles. Single and double sizes, delivered as a complete kit across the UK and Europe.",wooden garage kit
/product-category/log-cabins/pergola-cabins/,Buy Pergola cabins in UK - ideaswood.eu,Log Cabins with Veranda & Pergola | IdeasWood,"Log cabins with a covered veranda or side pergola – extra outdoor living space in one kit. Nordic spruce, delivered to the UK and Europe.",log cabin with veranda
/product-category/wooden-houses/,Premium Wooden Houses Kits in UK - ideaswood.eu,Wooden House Kits – Insulated Timber Homes | IdeasWood,"Insulated wooden house kits and residential log homes from Lithuania. 70mm+ walls, full plans and delivery across Europe, the UK and Ireland.",wooden house kits
/product-category/houses/timber-frame-houses/,Timber Frame Houses | ideaswood.eu,Timber Frame House Kits – Prefab Homes from Lithuania | IdeasWood,"Prefabricated timber frame houses made in Lithuania. Energy-efficient, fast to build, delivered with drawings to the UK, Ireland and Europe.",timber frame house kits
/product-category/sauna/,Buy Welness Sauna in UK - ideaswood.eu,Outdoor Saunas – Barrel & Cabin Saunas | IdeasWood,"Barrel saunas, sauna pods and cabin saunas in Nordic spruce and thermowood. Retail and trade supply across the UK and Europe.",outdoor sauna
/product-category/sauna/outdoor-sauna/sauna-pods/,Sauna pods - IdeasWood.eu's,Sauna Pods – Outdoor Garden Saunas | IdeasWood,"Compact outdoor sauna pods for gardens, hotels and glamping sites. Wood-fired or electric heaters, delivered across Europe and the UK.",sauna pods
/product-category/furniture/garden-furniture/,Buy Garden furniture in UK - ideaswood.eu,Wooden Garden Furniture – Dining & Lounge Sets | IdeasWood,"Solid wood garden furniture: dining sets, lounge sets and bistro sets built to last outdoors. Delivered with our log cabins or on their own.",wooden garden furniture
/product-category/pergola/wooden-pergola/,Buy Wooden pergola in UK - ideaswood.eu,Wooden Pergolas – Timber Pergola Kits | IdeasWood,"Freestanding and wall-mounted wooden pergola kits in Nordic spruce. Easy assembly, delivered across the UK and Europe.",wooden pergola kit
/product-category/grill-cabins/grill-cabins-grill-cabins/,Grill Cabins | ideaswood.eu,BBQ Grill Cabins – Nordic Grill Huts | IdeasWood,"Hexagonal BBQ grill cabins with central grill and seating for up to 12. Nordic spruce, supplied as a kit to the UK and Europe.",bbq grill cabin
/product-category/hot-tub/outside-firewood-heater/,Hot tub with outside firewood stove,Wood-Fired Hot Tubs with External Stove | IdeasWood,"Wood-fired hot tubs with external firewood heater – fast heating, easy cleaning. Supplied with our saunas and garden buildings across Europe.",wood fired hot tub
/wellness-saunas/,Wellness Saunas - ideaswood.eu,Sauna Manufacturer & Wholesale Supplier | IdeasWood,"Wholesale and private-label outdoor saunas for resellers, retailers and hospitality. Barrel, cube and cabin saunas made in Lithuania.",sauna wholesale supplier
/easy-installation/,Easy installation | ideaswood.eu,How to Install a Log Cabin – Step-by-Step Guide | IdeasWood,"Our log cabins are built for self-assembly. See the foundation, tools and step-by-step process – most garden cabins go up in 1–3 days.",how to install a log cabin
/the-ultimate-log-cabin-guide/,The Ultimate Log Cabin Guide - ideaswood.eu,The Ultimate Log Cabin Buying Guide (2026) | IdeasWood,"Wall thickness, timber, foundations, insulation, planning permission and costs – everything to check before you buy a log cabin.",log cabin buying guide
/thermowood-cladding-for-timber-buildings/,Thermowood cladding: what it is ... - ideaswood.eu,Thermowood Cladding: Pros, Cons & Where to Use It,"What thermowood is, how it performs on log cabins and saunas, and where untreated spruce is the better choice.",thermowood cladding
/everything-you-need-to-know-about-insulation-kits-for-sheds-cabins-modular-homes/,Everything You Need to Know About Insulation Kits ...,Log Cabin Insulation Kits: Floor, Roof & Walls Explained,"How to insulate a log cabin or shed for year-round use – floor, roof and wall insulation kits, U-values and costs.",log cabin insulation
/wood-impregnation-treatment-for-log-cabins-complete-guide-to-koralan-uk-110/,Wood Impregnation Treatment for Log Cabins ...,Log Cabin Wood Treatment: Koralan UK 110 Guide,"How and when to treat a new log cabin, why impregnation matters and how to apply Koralan UK 110 correctly.",log cabin wood treatment
/pvc-windows-for-log-cabins/,PVC Windows for Log Cabins — Specs ... | IdeasWood,PVC Windows for Log Cabins – Specs & Sizes | IdeasWood,"Why we recommend PVC double-glazed windows for log cabins: U-values, sizes, colours and how they fit our 44–70mm walls.",log cabin windows
/blog/,IdeasWood Blog – Tips & Ideas for Wooden Cabins,Log Cabin Guides & Garden Building Tips | IdeasWood,"Practical guides on choosing, installing, insulating and caring for log cabins, garden rooms and saunas.",log cabin guides
/scandinavian-wooden-houses-australia/,Eco Scandinavian Wooden Houses in Australia – ...,Scandinavian Wooden House Kits – Delivered to Australia,"Scandinavian-style wooden house kits in Nordic spruce, shipped to Australia with plans and assembly guide.",wooden house kits australia
