date,keyword,tier,ideaswood_position,ideaswood_url,top1_domain,top2_domain,top3_domain,notes
2026-09-25,log cabin manufacturer Lithuania,A,not in top results,,facebook.com,eurowood.lt,eurowood.lt,"#1 is ideaswood's own Facebook page (facebook.com/logcabinsfactory) - brand entity exists but site does not rank; also satusbaltic.com #5 eurodita.com #8-9"
2026-09-25,log cabins manufacturer Europe,A,not in top results,,en.wikipedia.org,loghomes.sk,palmakologcabins.co.uk,"satusbaltic.com x2, inselwoodhouse.com, loghouse.eu in top 9"
2026-09-25,wooden house manufacturer Lithuania,A,not in top results,,klaster.lt,spassio.com,woodhouses.eu,"directories/listicles dominate - get listed on spassio.com, klaster.lt, woodhouses.eu"
2026-09-25,garden sauna wholesale supplier,A,not in top results,,gardensauna.co.uk,saunamarketplace.com,en.wikipedia.org,"weak SERP; US sellers; winnable with dedicated B2B sauna page"
2026-09-25,log cabin wholesale supplier,A,not in top results,,globalsources.com,pinecab2b.com,wholesaleloghomes.com,"US-biased; pinecab2b.com (Lithuanian B2B) #2"
2026-09-25,Nordic spruce log cabin kits,A,not in top results,,palmako.co.uk,summerhouse24.co.uk,homesteadsupplier.com,
2026-09-25,prefab wooden houses from Lithuania,A,not in top results,,klaster.lt,spassio.com,ecobustas.lt,"nordland.house, logiprefab.com, prefabfind.com listicle"
2026-09-25,garden room kits Europe,A,not in top results,,thegardenroomguide.co.uk,palmako.co.uk,lumohouses.com,"eurovudas/imedeksa cited inside thegardenroomguide article - PR/listing opportunity"
2026-09-25,44mm log cabin,A,not in top results,,powersheds.com,tigersheds.com,logcabinkits.co.uk,"all UK retailer category pages dedicated to 44mm; ideaswood has 44mm products indexed but no 44mm hub page ranks"
2026-09-25,70mm log cabin,A,not in top results,,tuin.co.uk,tigersheds.com,tigersheds.com,"ideaswood sells 68mm not 70mm - consider '68mm / 70mm log cabins' hub"
2026-09-25,barrel sauna manufacturer,A,not in top results,,fieldmag.com,almostheaven.com,almostheaven.com,"US SERP; UK/EU SERP will differ"
2026-09-25,glamping pods manufacturer europe,A,not in top results,,moderncampground.com,epicmonday.com,epicmonday.com,"glampitect.com recommended-manufacturers list = outreach target"
2026-09-25,log cabins for sale Europe,B,not in top results,,summerhouse24.co.uk,en.wikipedia.org,bertsch-holzbau.eu,"loghouse.eu, satusbaltic.com, eurodita.com, europages in top 9"
2026-09-25,wooden garden house kits,B,not in top results,,alibaba.com,gardenista.com,freedomroom.com,"pineca.com #9"
2026-09-25,summer house kits,B,not in top results,,summerhouse24.co.uk,rolifeonline.com,salamanderstoves.com,"palmako.co.uk, tuin.co.uk, lugarde.com in top 9"
2026-09-25,residential log cabins,B,not in top results,,pinterest.com,en.wikipedia.org,en.wikipedia.org,"pinterest board by quick-garden; northernlogcabins.com #6"
2026-09-25,log cabin kits UK,B,not in top results,,summerhouse24.co.uk,dunsterhouse.co.uk,logcabinkits.co.uk,"quick-garden.co.uk x2, uklogcabins.co.uk, logcabinsale.com"
2026-09-25,insulated log cabins,B,not in top results,,gardenbuildingsdirect.co.uk,tigersheds.com,tentsile.com,"informational guides rank #1"
2026-09-25,garden log cabins,B,not in top results,,gardenbuildingsdirect.co.uk,tigersheds.com,tigersheds.com,"forestgarden, waltons, dunsterhouse, quick-garden, billyoh"
2026-09-25,outdoor sauna manufacturer Europe,B,not in top results,,corso-saunamanufaktur.com,saunamanufacture.com,baltresto.com,"woodarchitects.eu (LT) and tubs-n-saunas.eu (LT) rank; leisurequip listicle"
2026-09-25,log cabin delivery to Ireland,B,not in top results,,loghouse.ie,timberliving.ie,timberkitbuildings.ie,"all .ie domains; needs Ireland landing page (or .ie partner)"
2026-09-25,log cabins,C,not in top results,,en.wikipedia.org,en.wikipedia.org,en.wikipedia.org,"US SERP: Wikipedia + US log home builders"
2026-09-25,garden sheds,C,not in top results,,summerwood.com,eartheasy.com,costco.com,"US big-box SERP; UK SERP would be B&Q/Waltons/BillyOh"
2026-09-25,wooden houses,C,not in top results,,hobbylobby.com,amazon.com,target.com,"US SERP = craft items; intent mismatch"
2026-09-25,summerhouses,C,not in top results,,en.wikipedia.org,en.wikipedia.org,merriam-webster.com,"gardenbuildingsdirect, diy.com, summerhouse24, dunsterhouse, waltons"
2026-09-25,log cabin manufacturer,B,not in top results,,eloghomes.com,loghome.com,southlandloghomes.com,"US full-log-home builders"
2026-09-25,log cabin factory Lithuania,A,not in top results,,facebook.com,woodfactory.lt,eurowood.lt,"#1 is ideaswood's Facebook page 'Log Cabins Factory-ideaswood.eu'; imedeksa.lt, eurodita.com, sodnamis.com also rank"
2026-09-25,sauna manufacturer Lithuania,A,not in top results,,ensun.io,accio.com,eskalada.com,"europages, kingsauna.eu, tubs-n-saunas.eu"
2026-09-25,private label log cabins supplier for dealers,A,not in top results,,bloggang.com,globenewswire.com,eurodita.com,"eurodita owns 6/9 results incl. press release + dealer guide"
2026-09-25,garden shed manufacturer Europe wholesale,A,not in top results,,globalsources.com,globalsources.com,europages.co.uk,"eurodita.com/log-cabins/sheds #8"
2026-09-25,camping pods manufacturer Lithuania,A,not in top results,,alibaba.com,prweb.com,energyhouses.com,"ideaswood has camping-pod category archives indexed but not ranking"
2026-09-25,wooden summer houses manufacturer Lithuania,A,not in top results,,woodenme.com,spassio.com,eurowood.lt,
2026-09-25,timber frame houses Lithuania export,A,not in top results,,gtaic.ai,klaster.lt,spassio.com,"ideaswood has /product-category/houses/timber-frame-houses/ indexed"
2026-09-25,wooden garden furniture manufacturer Europe wholesale,A,not in top results,,gardenforum.co.uk,europages.co.uk,mgtimberproductsltd.co.uk,"europages owns 7/9"
2026-09-25,barrel sauna kit,B,not in top results,,saunamarketplace.com,saunamarketplace.com,fieldmag.com,
2026-09-25,wooden garage kits,B,not in top results,,dcstructures.com,jamaicacottageshop.com,amazon.com,"pineca.com #6"
2026-09-25,log cabin houses to live in Europe,B,not in top results,,nature.house,nature.house,en.wikipedia.org,"woodenme.com, loghomes.sk, casetasdejardin24.es, logluxe.eu"
2026-09-25,ideaswood,brand,7,https://ideaswood.eu/,instagram.com,linkedin.com,instagram.com,"homepage #7, /about-us/ #8, ideaswood.com #10 (duplicate brand domain). Homepage title: 'Log Cabins and Wooden Houses Manufacturer & Supplier - Ideaswood'"
2026-09-26,log cabin manufacturer Lithuania,A,not in top results,,facebook.com,eurowood.lt,eurowood.lt,same
2026-09-26,log cabins manufacturer Europe,A,not in top results,,en.wikipedia.org,loghomes.sk,palmakologcabins.co.uk,same
2026-09-26,wooden house manufacturer Lithuania,A,not in top results,,klaster.lt,spassio.com,woodhouses.eu,same
2026-09-26,garden sauna wholesale supplier,A,not in top results,,gardensauna.co.uk,saunamarketplace.com,en.wikipedia.org,same
2026-09-26,log cabin wholesale supplier,A,not in top results,,globalsources.com,pinecab2b.com,wholesaleloghomes.com,same
2026-09-26,Nordic spruce log cabin kits,A,not in top results,,palmako.co.uk,summerhouse24.co.uk,homesteadsupplier.com,same
2026-09-26,prefab wooden houses from Lithuania,A,not in top results,,klaster.lt,spassio.com,ecobustas.lt,same
2026-09-26,garden room kits Europe,A,not in top results,,palmako.co.uk,thegardenroomguide.co.uk,lumohouses.com,"CHANGED: top-3 order - palmako.co.uk up to #1, thegardenroomguide.co.uk down to #2"
2026-09-26,44mm log cabin,A,not in top results,,powersheds.com,tigersheds.com,tigersheds.com,CHANGED: #3 now tigersheds.com (44mm category) - logcabinkits.co.uk dropped to #4
2026-09-26,70mm log cabin,A,not in top results,,tuin.co.uk,tigersheds.com,tigersheds.com,same
2026-09-26,barrel sauna manufacturer,A,not in top results,,fieldmag.com,almostheaven.com,almostheaven.com,same
2026-09-26,glamping pods manufacturer europe,A,not in top results,,moderncampground.com,epicmonday.com,epicmonday.com,same
2026-09-26,log cabins for sale Europe,B,not in top results,,summerhouse24.co.uk,bertsch-holzbau.eu,en.wikipedia.org,"CHANGED: top-3 order - bertsch-holzbau.eu #3->#2, en.wikipedia.org #2->#3"
2026-09-26,wooden garden house kits,B,not in top results,,alibaba.com,gardenista.com,freedomroom.com,same
2026-09-26,summer house kits,B,not in top results,,summerhouse24.co.uk,rolifeonline.com,salamanderstoves.com,same
2026-09-26,residential log cabins,B,not in top results,,pinterest.com,en.wikipedia.org,en.wikipedia.org,same
2026-09-26,log cabin kits UK,B,not in top results,,summerhouse24.co.uk,dunsterhouse.co.uk,logcabinkits.co.uk,same
2026-09-26,insulated log cabins,B,not in top results,,gardenbuildingsdirect.co.uk,tigersheds.com,tentsile.com,same
2026-09-26,garden log cabins,B,not in top results,,gardenbuildingsdirect.co.uk,tigersheds.com,tigersheds.com,same
2026-09-26,outdoor sauna manufacturer Europe,B,not in top results,,corso-saunamanufaktur.com,saunamanufacture.com,baltresto.com,same
2026-09-26,log cabin delivery to Ireland,B,not in top results,,loghouse.ie,timberliving.ie,timberkitbuildings.ie,same
2026-09-26,log cabins,C,not in top results,,en.wikipedia.org,en.wikipedia.org,en.wikipedia.org,same
2026-09-26,garden sheds,C,not in top results,,summerwood.com,eartheasy.com,costco.com,same
2026-09-26,wooden houses,C,not in top results,,hobbylobby.com,target.com,amazon.com,"CHANGED: top-3 order - target.com #3->#2, amazon.com #2->#3"
2026-09-26,summerhouses,C,not in top results,,en.wikipedia.org,en.wikipedia.org,merriam-webster.com,same
2026-09-26,log cabin manufacturer,B,not in top results,,eloghomes.com,loghome.com,southlandloghomes.com,same
2026-09-26,log cabin factory Lithuania,A,not in top results,,facebook.com,woodfactory.lt,eurowood.lt,same
2026-09-26,sauna manufacturer Lithuania,A,not in top results,,ensun.io,accio.com,eskalada.com,same
2026-09-26,private label log cabins supplier for dealers,A,not in top results,,bloggang.com,eurodita.com,eurodita.com,CHANGED: globenewswire.com gone from #2; eurodita.com now #2-#6 plus #8-9 (7/9 results)
2026-09-26,garden shed manufacturer Europe wholesale,A,not in top results,,globalsources.com,globalsources.com,europages.co.uk,same
2026-09-26,camping pods manufacturer Lithuania,A,not in top results,,alibaba.com,prweb.com,energyhouses.com,same
2026-09-26,wooden summer houses manufacturer Lithuania,A,not in top results,,woodenme.com,spassio.com,eurowood.lt,same
2026-09-26,timber frame houses Lithuania export,A,not in top results,,gtaic.ai,klaster.lt,spassio.com,same
2026-09-26,wooden garden furniture manufacturer Europe wholesale,A,not in top results,,gardenforum.co.uk,mgtimberproductsltd.co.uk,europages.co.uk,"CHANGED: top-3 order - mgtimberproductsltd.co.uk #3->#2, europages.co.uk #2->#3"
2026-09-26,barrel sauna kit,B,not in top results,,saunamarketplace.com,saunamarketplace.com,fieldmag.com,same
2026-09-26,wooden garage kits,B,not in top results,,dcstructures.com,jamaicacottageshop.com,amazon.com,same
2026-09-26,log cabin houses to live in Europe,B,not in top results,,nature.house,nature.house,en.wikipedia.org,same
2026-09-26,ideaswood,brand,8,https://ideaswood.eu/,instagram.com,linkedin.com,instagram.com,"CHANGED: homepage #7->#8; /about-us/ no longer in top 10 (was #8); youtube.com #4, tiktok.com #5, facebook.com #6, ideaswood.com.au #7 (new, other domain), ideaswood.com #9 + /about-us/ #10"
2026-09-27,log cabin manufacturer Lithuania,A,not in top results,,facebook.com,eurowood.lt,eurowood.lt,same
2026-09-27,log cabins manufacturer Europe,A,not in top results,,en.wikipedia.org,loghomes.sk,palmakologcabins.co.uk,same
2026-09-27,wooden house manufacturer Lithuania,A,not in top results,,klaster.lt,spassio.com,woodhouses.eu,same
2026-09-27,garden sauna wholesale supplier,A,not in top results,,gardensauna.co.uk,saunamarketplace.com,en.wikipedia.org,same
2026-09-27,log cabin wholesale supplier,A,not in top results,,globalsources.com,wholesaleloghomes.com,merrimacloghomes.com,"CHANGED vs 09-26: pinecab2b.com dropped out of top 3; wholesaleloghomes.com #3->#2, merrimacloghomes.com new #3"
2026-09-27,Nordic spruce log cabin kits,A,not in top results,,palmako.co.uk,facebook.com,homesteadsupplier.com,"CHANGED vs 09-26: #2 now facebook.com (Cabin Life video), summerhouse24.co.uk out of top 3"
2026-09-27,prefab wooden houses from Lithuania,A,not in top results,,klaster.lt,spassio.com,ecobustas.lt,same
2026-09-27,garden room kits Europe,A,not in top results,,palmako.co.uk,thegardenroomguide.co.uk,lumohouses.com,same
2026-09-27,44mm log cabin,A,not in top results,,powersheds.com,tigersheds.com,logcabinkits.co.uk,"CHANGED vs 09-26: logcabinkits.co.uk back to #3, tigersheds.com now only #2"
2026-09-27,70mm log cabin,A,not in top results,,tuin.co.uk,tigersheds.com,tigersheds.com,same
2026-09-27,barrel sauna manufacturer,A,not in top results,,fieldmag.com,almostheaven.com,almostheaven.com,same
2026-09-27,glamping pods manufacturer europe,A,not in top results,,epicmonday.com,epicmonday.com,glampitect.com,"CHANGED vs 09-26: moderncampground.com dropped from #1; epicmonday.com now #1-#2, glampitect.com new #3"
2026-09-27,log cabins for sale Europe,B,not in top results,,homestra.com,bertsch-holzbau.eu,en.wikipedia.org,"CHANGED vs 09-26: homestra.com new #1, summerhouse24.co.uk out of top 3"
2026-09-27,wooden garden house kits,B,not in top results,,alibaba.com,gardenista.com,freedomroom.com,same
2026-09-27,summer house kits,B,not in top results,,summerhouse24.co.uk,rolifeonline.com,salamanderstoves.com,same
2026-09-27,residential log cabins,B,not in top results,,pinterest.com,en.wikipedia.org,en.wikipedia.org,same
2026-09-27,log cabin kits UK,B,not in top results,,summerhouse24.co.uk,dunsterhouse.co.uk,logcabinkits.co.uk,same
2026-09-27,insulated log cabins,B,not in top results,,gardenbuildingsdirect.co.uk,tigersheds.com,tentsile.com,same
2026-09-27,garden log cabins,B,not in top results,,gardenbuildingsdirect.co.uk,tigersheds.com,tigersheds.com,same
2026-09-27,outdoor sauna manufacturer Europe,B,not in top results,,corso-saunamanufaktur.com,saunamanufacture.com,baltresto.com,same
2026-09-27,log cabin delivery to Ireland,B,not in top results,,loghouse.ie,timberliving.ie,timberkitbuildings.ie,same
2026-09-27,log cabins,C,not in top results,,en.wikipedia.org,en.wikipedia.org,en.wikipedia.org,same
2026-09-27,garden sheds,C,not in top results,,summerwood.com,eartheasy.com,costco.com,same
2026-09-27,wooden houses,C,not in top results,,hobbylobby.com,target.com,amazon.com,same
2026-09-27,summerhouses,C,not in top results,,en.wikipedia.org,en.wikipedia.org,merriam-webster.com,same
2026-09-27,log cabin manufacturer,B,not in top results,,eloghomes.com,loghome.com,southlandloghomes.com,same
2026-09-27,log cabin factory Lithuania,A,not in top results,,facebook.com,woodfactory.lt,eurowood.lt,same
2026-09-27,sauna manufacturer Lithuania,A,not in top results,,accio.com,eskalada.com,europages.co.uk,"CHANGED vs 09-26: ensun.io dropped from #1; accio.com #1, eskalada.com #2, europages.co.uk new #3"
2026-09-27,private label log cabins supplier for dealers,A,not in top results,,bloggang.com,eurodita.com,eurodita.com,same
2026-09-27,garden shed manufacturer Europe wholesale,A,not in top results,,globalsources.com,globalsources.com,europages.co.uk,same
2026-09-27,camping pods manufacturer Lithuania,A,not in top results,,alibaba.com,prweb.com,energyhouses.com,same
2026-09-27,wooden summer houses manufacturer Lithuania,A,not in top results,,woodenme.com,spassio.com,eurowood.lt,same
2026-09-27,timber frame houses Lithuania export,A,not in top results,,gtaic.ai,klaster.lt,spassio.com,same
2026-09-27,wooden garden furniture manufacturer Europe wholesale,A,not in top results,,gardenforum.co.uk,mgtimberproductsltd.co.uk,europages.co.uk,same
2026-09-27,barrel sauna kit,B,not in top results,,saunamarketplace.com,saunamarketplace.com,fieldmag.com,same
2026-09-27,wooden garage kits,B,not in top results,,dcstructures.com,jamaicacottageshop.com,amazon.com,same
2026-09-27,log cabin houses to live in Europe,B,not in top results,,nature.house,nature.house,en.wikipedia.org,same
2026-09-27,ideaswood,brand,8,https://ideaswood.eu/,instagram.com,linkedin.com,instagram.com,same
2026-09-28,log cabin manufacturer Lithuania,A,not in top results,,facebook.com,eurowood.lt,eurowood.lt,same
2026-09-28,log cabins manufacturer Europe,A,not in top results,,en.wikipedia.org,loghomes.sk,palmakologcabins.co.uk,same
2026-09-28,wooden house manufacturer Lithuania,A,not in top results,,spassio.com,woodhouses.eu,lithuania.tradekey.com,"CHANGED vs 09-27: klaster.lt dropped from #1; spassio.com #2->#1, woodhouses.eu #3->#2, lithuania.tradekey.com new #3"
2026-09-28,garden sauna wholesale supplier,A,not in top results,,gardensauna.co.uk,saunamarketplace.com,en.wikipedia.org,same
2026-09-28,log cabin wholesale supplier,A,not in top results,,globalsources.com,pinecab2b.com,wholesaleloghomes.com,"CHANGED vs 09-27: pinecab2b.com back at #2 (reverses 09-27), wholesaleloghomes.com #2->#3, merrimacloghomes.com out of top 3 (#4)"
2026-09-28,Nordic spruce log cabin kits,A,not in top results,,palmako.co.uk,facebook.com,homesteadsupplier.com,same
2026-09-28,prefab wooden houses from Lithuania,A,not in top results,,klaster.lt,spassio.com,ecobustas.lt,same
2026-09-28,garden room kits Europe,A,not in top results,,eurocell.co.uk,palmako.co.uk,thegardenroomguide.co.uk,"CHANGED vs 09-27: eurocell.co.uk new #1; palmako.co.uk #1->#2, thegardenroomguide.co.uk #2->#3, lumohouses.com out of top 3 (#4)"
2026-09-28,44mm log cabin,A,not in top results,,powersheds.com,tigersheds.com,logcabinkits.co.uk,same
2026-09-28,70mm log cabin,A,not in top results,,tuin.co.uk,tigersheds.com,tigersheds.com,same
2026-09-28,barrel sauna manufacturer,A,not in top results,,fieldmag.com,almostheaven.com,almostheaven.com,same
2026-09-28,glamping pods manufacturer europe,A,not in top results,,epicmonday.com,epicmonday.com,glampitect.com,same
2026-09-28,log cabins for sale Europe,B,not in top results,,homestra.com,bertsch-holzbau.eu,en.wikipedia.org,same
2026-09-28,wooden garden house kits,B,not in top results,,alibaba.com,gardenista.com,freedomroom.com,same
2026-09-28,summer house kits,B,not in top results,,summerhouse24.co.uk,rolifeonline.com,salamanderstoves.com,same
2026-09-28,residential log cabins,B,not in top results,,pinterest.com,en.wikipedia.org,en.wikipedia.org,same
2026-09-28,log cabin kits UK,B,not in top results,,summerhouse24.co.uk,dunsterhouse.co.uk,logcabinkits.co.uk,same
2026-09-28,insulated log cabins,B,not in top results,,gardenbuildingsdirect.co.uk,tigersheds.com,tentsile.com,same
2026-09-28,garden log cabins,B,not in top results,,gardenbuildingsdirect.co.uk,tigersheds.com,tigersheds.com,same
2026-09-28,outdoor sauna manufacturer Europe,B,not in top results,,corso-saunamanufaktur.com,saunamanufacture.com,baltresto.com,same
2026-09-28,log cabin delivery to Ireland,B,not in top results,,loghouse.ie,timberliving.ie,timberkitbuildings.ie,same
2026-09-28,log cabins,C,not in top results,,en.wikipedia.org,en.wikipedia.org,en.wikipedia.org,same
2026-09-28,garden sheds,C,not in top results,,summerwood.com,eartheasy.com,costco.com,same
2026-09-28,wooden houses,C,not in top results,,hobbylobby.com,target.com,amazon.com,same
2026-09-28,summerhouses,C,not in top results,,en.wikipedia.org,en.wikipedia.org,merriam-webster.com,same
2026-09-28,log cabin manufacturer,B,not in top results,,eloghomes.com,loghome.com,southlandloghomes.com,same
2026-09-28,log cabin factory Lithuania,A,not in top results,,facebook.com,woodfactory.lt,eurowood.lt,same
2026-09-28,sauna manufacturer Lithuania,A,not in top results,,accio.com,eskalada.com,europages.co.uk,same
2026-09-28,private label log cabins supplier for dealers,A,not in top results,,bloggang.com,eurodita.com,eurodita.com,same
2026-09-28,garden shed manufacturer Europe wholesale,A,not in top results,,globalsources.com,globalsources.com,europages.co.uk,same
2026-09-28,camping pods manufacturer Lithuania,A,not in top results,,alibaba.com,prweb.com,energyhouses.com,same
2026-09-28,wooden summer houses manufacturer Lithuania,A,not in top results,,woodenme.com,spassio.com,eurowood.lt,same
2026-09-28,timber frame houses Lithuania export,A,not in top results,,gtaic.ai,klaster.lt,spassio.com,same
2026-09-28,wooden garden furniture manufacturer Europe wholesale,A,not in top results,,gardenforum.co.uk,europages.co.uk,europages.co.uk,CHANGED vs 09-27: mgtimberproductsltd.co.uk dropped out of top 3; europages.co.uk now #2 and #3
2026-09-28,barrel sauna kit,B,not in top results,,saunamarketplace.com,saunamarketplace.com,fieldmag.com,same
2026-09-28,wooden garage kits,B,not in top results,,dcstructures.com,jamaicacottageshop.com,amazon.com,same
2026-09-28,log cabin houses to live in Europe,B,not in top results,,nature.house,nature.house,en.wikipedia.org,same
2026-09-28,ideaswood,brand,7,https://ideaswood.eu/,instagram.com,linkedin.com,instagram.com,CHANGED vs 09-27: ideaswood.eu homepage #8->#7 (YouTube dropped out); ideaswood.eu/about-us/ new #8; ideaswood.com only once at #10 (/about-us/ gone); ideaswood.com.au #7->#6
